Country Code,Country Name,Region,Income Group,GDP_per_capita,Life_expectancy,Population,CO2_per_capita,Unemployment_pct,Literacy_pct,Health_exp_pct_gdp,GDP_growth_pct,Urban_pop_pct,Internet_users_pct,Gini_index,Infant_mortality,Electricity_access_pct,Maternal_mortality
ABW,Aruba,Latin America & Caribbean,High income,25655.102021753657,76.01,105264.0,8.408362637892,,96.822639465332,,1.330511037193844,43.293,97.17,,,95.5701446533203,
AFG,Afghanistan,South Asia,Low income,550.0684587638524,64.047,35530081.0,0.2994449908755169,1.54200005531311,31.7411193847656,10.19867734,2.665292046368336,25.25,11.44768809,,51.5,84.1371383666992,396.0
AGO,Angola,Sub-Saharan Africa,Lower middle income,4100.289785717221,61.809,29784193.0,1.2913283150447694,7.25299978256226,66.0301132202148,2.87782524,-0.14720742234825934,64.839,14.33907936,42.7,53.8,40.5206069946289,477.0
ALB,Albania,Europe & Central Asia,Upper middle income,4537.579055564222,78.495,2873457.0,1.9787633120856847,13.8979997634888,97.2469711303711,6.69789475,3.8355438446510135,59.383,71.8470405,29.0,7.8,100.0,29.0
AND,Andorra,Europe & Central Asia,High income,39146.54883609055,,76965.0,5.832169950645645,,,10.36772767,1.8731966159611488,88.15,98.87143552,,3.2,100.0,
ARE,United Arab Emirates,Middle East & North Africa,High income,40698.849336036765,77.412,9400145.0,23.302022507881553,2.57500004768372,90.0338516235352,3.51684955,0.7904003877944064,86.248,94.81992254,,7.8,100.0,6.0
ARG,Argentina,Latin America & Caribbean,High income,14398.358770905534,76.738,44271041.0,4.746797454673247,9.48299980163574,99.1250076293945,7.54838404,2.8544661372539935,91.749,75.80974423,40.6,9.2,100.0,52.0
ARM,Armenia,Europe & Central Asia,Upper middle income,3936.798319652869,74.782,2930450.0,1.9027589101995033,17.7119998931885,99.7444076538086,9.92732109,7.499999999999886,63.103,69.71812489,33.6,11.3,100.0,25.0
ASM,American Samoa,East Asia & Pacific,Upper middle income,11394.475296993225,,55641.0,,,97.3441619873047,,-5.379746835443029,87.17,0.0,,,,
ATG,Antigua and Barbuda,Latin America & Caribbean,High income,14803.010927545196,76.519,102012.0,5.377648546144122,,98.9499969482422,4.30900835,3.032606111899966,24.713,76.0,,5.4,97.3546676635742,
AUS,Australia,East Asia & Pacific,High income,53793.53725608839,82.49756097560977,24601860.0,15.388766019446674,5.38700008392334,,9.25209201,1.9575754216065917,85.904,86.54472054,35.8,3.0,100.0,6.0
AUT,Austria,Europe & Central Asia,High income,47380.82963653732,81.64146341463416,8797566.0,6.869867929676695,4.78599977493286,,10.43762567,2.5508807597793464,58.094,87.93558659,30.5,2.9,100.0,4.0
AZE,Azerbaijan,Europe & Central Asia,Upper middle income,4135.138601420708,72.123,9854033.0,3.931560608989186,5.21999979019165,99.7900619506836,6.89059972,0.09999981390036794,55.343,79.0,26.6,20.5,100.0,25.0
BDI,Burundi,Sub-Saharan Africa,Low income,292.0052103383258,57.857,10864245.0,0.044485376256471275,1.52799999713898,61.5697288513184,6.19156298,0.5000099999478351,12.706,5.594670768,38.6,42.5,7.58847713470459,712.0
BEL,Belgium,Europe & Central Asia,High income,43467.445895672034,81.4390243902439,11382393.0,8.328159897839756,6.32299995422363,,10.03841793,1.6928825241189713,97.961,87.67968082,27.7,3.1,100.0,7.0
BEN,Benin,Sub-Saharan Africa,Low income,827.3936793946673,61.171,11175692.0,0.6142138518119298,2.125,32.9488182067871,3.85561779,5.837823304708962,46.768,14.11901233,47.8,63.5,41.4026145935059,405.0
BFA,Burkina Faso,Sub-Saharan Africa,Low income,642.0371482690371,60.77,19193382.0,0.16201880623408071,6.05900001525879,34.5993995666504,6.75254452,6.302096058924562,28.743,15.87620691,35.3,51.2,19.1647129058838,371.0
BGD,Bangladesh,South Asia,Lower middle income,1516.5132695643717,72.808,164669751.0,0.45914196480280933,4.30800008773804,72.8929672241211,2.36505997,7.284184091951133,35.858,18.02,32.4,26.9,75.92,176.0
BGR,Bulgaria,Europe & Central Asia,Upper middle income,8228.011569726503,74.81219512195123,7075947.0,5.871615869349931,5.26100015640259,98.3524475097656,8.23011604,3.8112481584430498,74.669,63.41010138,37.4,6.3,100.0,11.0
BHR,Bahrain,Middle East & North Africa,High income,23739.15717320618,77.038,1492584.0,23.449754825848906,0.962000012397766,94.8899993896484,4.86947429,3.803522262371729,89.186,95.87813575,,6.3,100.0,15.0
BHS,"Bahamas, The",Latin America & Caribbean,High income,30762.01243926437,75.823,395361.0,6.323257511729104,11.8500003814697,,6.37542177,1.437191339080826,82.925,85.0,,5.8,100.0,80.0
BIH,Bosnia and Herzegovina,Europe & Central Asia,Upper middle income,5148.208516959392,77.087,3507017.0,6.234719161683028,20.8390007019043,96.9917678833008,9.22955617,3.186202561413751,47.876,69.49115242,33.0,4.9,100.0,11.0
BLR,Belarus,Europe & Central Asia,Upper middle income,5733.307209887639,74.12926829268294,9498264.0,6.701957705257822,5.70800018310547,99.617057800293,6.31679395,2.4219043735669032,78.134,74.43644541,25.4,2.8,100.0,4.0
BLZ,Belize,Latin America & Caribbean,Upper middle income,4971.2016355246205,70.588,374681.0,1.4076014944809976,9.36800003051758,70.2984237670898,6.12137415,1.437288946319427,45.601,47.0826258,53.3,12.2,92.2143173217773,28.0
BMU,Bermuda,North America,High income,85748.06541437824,81.4419512195122,65441.0,8.838314987948849,,,,-2.511154430989748,100.0,98.37,,,100.0,
BOL,Bolivia,Latin America & Caribbean,Lower middle income,3393.955817517815,69.473,11051600.0,1.9324194987028696,3.25799989700317,92.455078125,6.86056405,4.195207019125007,69.08,43.83227607,44.0,28.0,93.0391311645508,206.0
BRA,Brazil,Latin America & Caribbean,Upper middle income,9812.278531018446,75.723,209288278.0,2.5943882854977796,12.543999671936,92.0478973388672,11.77150303,1.0638612600036623,86.309,67.47,53.3,13.2,100.0,44.0
BRB,Barbados,Latin America & Caribbean,High income,16356.980109828188,76.057,285719.0,4.490177673483071,9.56799983978271,99.5999984741211,6.96244846,0.9999999999999716,31.159,81.76077839,,11.5,100.0,27.0
BRN,Brunei Darussalam,East Asia & Pacific,High income,28290.585195571177,77.374,428697.0,22.12470124166877,9.22399997711182,96.085563659668,2.3409551,1.328751616481938,77.312,94.86669164,,9.0,100.0,23.0
BTN,Bhutan,South Asia,Lower middle income,3130.233542617761,70.565,807610.0,1.2893213711671612,2.19700002670288,57.0335998535156,3.45418055,4.629101390729346,40.167,48.10641588,37.4,25.6,100.0,148.0
BWA,Botswana,Sub-Saharan Africa,Upper middle income,7595.6111411323955,67.618,2291661.0,3.243287636616337,17.9409999847412,87.6999969482422,5.46320154,2.3600807454743773,68.7,41.41379464,53.3,30.8,60.6883964538574,129.0
CAF,Central African Republic,Sub-Saharan Africa,Low income,418.411287036182,52.89,4659080.0,0.06659311085283404,6.48299980163574,36.7526092529297,4.28252151,4.299938053039654,40.98,4.339254945,56.2,87.6,13.9851121902466,882.0
CAN,Canada,North America,High income,44870.77615709671,82.47048780487806,36708083.0,15.117158779477831,5.92000007629395,,10.53465477,3.0473506807596493,81.35,92.70137191,34.0,4.5,100.0,7.0
CHE,Switzerland,Europe & Central Asia,High income,80342.84633843634,83.60243902439025,8450851.0,4.311562994090966,4.88299989700317,,12.24760438,1.6166921547901865,73.761,93.71386591,32.3,3.7,100.0,5.0
CHI,Channel Islands,Europe & Central Asia,High income,73569.64496455205,81.255,165314.0,,7.28800010681152,,,5.898329661469418,30.914,,,,100.0,
CHL,Chile,Latin America & Caribbean,High income,15346.449699759545,79.732,18054726.0,4.687376623712842,7.22300004959106,96.8741302490234,8.52893972,1.489906004461659,87.49,82.32748693,46.6,6.3,100.0,22.0
CHN,China,East Asia & Pacific,Upper middle income,8826.994095748352,76.41,1386395000.0,7.543907641449274,4.41699981689453,95.1244812011719,4.98188075,6.900000000000134,57.96,54.3,38.6,8.0,100.0,27.0
CIV,Cote d'Ivoire,Sub-Saharan Africa,Lower middle income,1537.504031087037,54.102,24294750.0,0.4902060462422358,2.48000001907349,43.9084205627441,4.40362075,7.702089422123521,50.326,43.83992085,41.5,64.2,64.3,645.0
CMR,Cameroon,Sub-Saharan Africa,Lower middle income,1451.8657466529658,58.575,24053727.0,0.31492806803482604,3.36100006103516,71.2905120849609,4.6902491,3.549087318215612,55.777,23.20297197,46.6,55.1,60.0747680664063,596.0
COD,"Congo, Dem. Rep.",Sub-Saharan Africa,Low income,462.779544082555,60.031,81339988.0,0.06336919104874661,4.15500020980835,77.0426788330078,3.87116143,3.7008507498930356,43.88,8.619904916,42.1,70.0,17.1473789215088,693.0
COG,"Congo, Rep.",Sub-Saharan Africa,Lower middle income,1654.0103217639607,65.088,5260750.0,0.6353692933076115,10.3819999694824,79.3111724853516,4.63481785,-3.1000000000000085,66.459,8.65,48.9,34.7,56.5661697387695,442.0
COL,Colombia,Latin America & Caribbean,Upper middle income,6408.920011692966,74.562,49065615.0,1.7595371735606053,9.0930004119873,94.6538467407227,5.91234407,1.7891925462135276,80.446,62.25988032,49.7,12.7,99.0044555664063,64.0
COM,Comoros,Sub-Saharan Africa,Low income,1312.3339253660988,63.912,813912.0,0.20281411932023943,3.71000003814697,49.1961402893066,7.63108978,2.70765882914921,28.784,8.478170295,45.3,52.2,77.8442153930664,335.0
CPV,Cabo Verde,Sub-Saharan Africa,Lower middle income,3244.4095609362707,73.004,546388.0,0.9334032372344649,12.2760000228882,86.7902908325195,5.23696219,4.013257244187557,65.261,57.16214635,47.2,15.0,92.6115875244141,42.0
CRI,Costa Rica,Latin America & Caribbean,Upper middle income,11677.269037272512,80.03,4905769.0,1.630951062253354,8.12800025939941,97.4065780639648,7.55572353,3.2804645282901816,78.56,71.58166462,48.3,7.8,100.0,25.0
CUB,Cuba,Latin America & Caribbean,Upper middle income,8433.092698802122,79.921,11484636.0,3.045210623607981,2.26399993896484,99.7525329589844,12.19122021,1.7834976268711102,76.977,49.1046873,,4.1,100.0,39.0
CUW,Curacao,Latin America & Caribbean,High income,,78.01707317073172,160175.0,37.72628905322977,,,,,89.203,61.85551074,,,100.0,
CYM,Cayman Islands,Latin America & Caribbean,High income,64103.214810169186,82.19024390243904,61559.0,9.171838031501386,,98.8678207397461,,2.899999999999906,100.0,81.06769325,,,100.0,
CYP,Cyprus,Europe & Central Asia,High income,25658.7996638379,80.67,1179551.0,5.260352040989006,8.10900020599365,98.6784286499023,6.87966475,4.231414523736561,66.836,80.74318897,34.0,2.1,100.0,7.0
CZE,Czech Republic,Europe & Central Asia,High income,20379.8960396417,79.47560975609757,10594438.0,9.16597837581982,2.3970000743866,,7.14959908,4.352603518229287,73.675,78.71917285,25.9,2.6,100.0,4.0
DEU,Germany,Europe & Central Asia,High income,44665.50636579809,80.99024390243903,82685827.0,8.88937039483839,3.42499995231628,,11.13916763,2.157109470299943,77.261,84.39550077,31.7,3.1,100.0,6.0
DJI,Djibouti,Middle East & North Africa,Lower middle income,1927.5897056941471,62.643,956985.0,0.7919617524918764,11.1219997406006,,3.50192451,4.090263627700267,77.648,55.68140925,41.6,51.5,51.7826919555664,229.0
DMA,Dominica,Latin America & Caribbean,Upper middle income,6719.337166046668,76.59756097560977,73925.0,1.8642859105773721,,,5.30393975,-9.530268983447598,70.181,69.61966879,,31.5,100.0,
DNK,Denmark,Europe & Central Asia,High income,57218.851961927125,81.0048780487805,5764980.0,5.9357124821143,4.97499990463257,,10.35004017,2.262366309315155,87.757,97.09936216,28.2,3.7,100.0,6.0
DOM,Dominican Republic,Latin America & Caribbean,Upper middle income,7052.258838968575,74.048,10766998.0,2.069986634433497,5.8289999961853,93.7784576416016,6.16130052,4.551815138184011,80.277,64.99320547,45.7,25.0,100.0,92.0
DZA,Algeria,Middle East & North Africa,Upper middle income,4055.247211096295,76.293,41318142.0,3.7174099008181694,12.1450004577637,75.1360473632813,6.648475,1.6000000005227548,72.052,47.69105515,27.6,20.6,99.439567565918,140.0
ECU,Ecuador,Latin America & Caribbean,Upper middle income,6273.488892356253,76.551,16624858.0,2.7617021750208384,3.91000008583069,94.350227355957,8.38714107,2.368386526336508,63.67,57.27224368,44.7,12.5,99.9368133544922,64.0
EGY,"Egypt, Arab Rep.",Middle East & North Africa,Lower middle income,2412.7270818521342,71.661,97553151.0,2.1989802463423143,11.4359998703003,71.1682510375977,4.63781726,4.181220999947868,42.705,44.95020425,31.8,18.8,100.0,33.0
ERI,Eritrea,Sub-Saharan Africa,Low income,582.7755302374856,65.536,4474690.0,0.13275869389834824,6.54300022125244,64.662971496582,2.95931347,8.679799936468257,35.771,1.30890698,,32.1,46.6804618835449,501.0
ESP,Spain,Europe & Central Asia,High income,28208.300405271824,83.32926829268293,46593171.0,5.03382448723757,15.4870004653931,98.2505111694336,8.97038932,2.979182400618626,80.08,84.6022457,36.2,2.6,100.0,5.0
EST,Estonia,Europe & Central Asia,High income,20200.37559204091,77.64146341463416,1317384.0,14.848819173173986,5.50799989700317,99.8857879638672,6.68368438,4.856686856443943,68.717,88.10245687,32.7,2.1,100.0,9.0
ETH,Ethiopia,Sub-Saharan Africa,Low income,767.5634778158094,65.874,104957438.0,0.1191240145226543,1.80900001525879,38.995979309082,3.97401588,10.245810850258977,20.31,18.61805145,39.1,41.0,42.9,353.0
FIN,Finland,Europe & Central Asia,High income,45804.654207884574,81.42926829268293,5508214.0,8.660721243494477,7.75500011444092,,9.49305799,2.6525295302152614,85.325,87.46892907,27.1,1.9,100.0,3.0
FJI,Fiji,East Asia & Pacific,Upper middle income,5589.388833408963,70.417,905502.0,1.3205747082318249,4.15199995040894,,3.46146795,3.8000000884550644,55.742,49.96637301,36.7,21.4,98.6460494995117,30.0
FRA,France,Europe & Central Asia,High income,38484.189923656726,82.52439024390245,67105513.0,4.573182147102395,9.18000030517578,,11.53929503,2.161158085548948,80.18,80.5,32.7,3.5,100.0,8.0
FRO,Faroe Islands,Europe & Central Asia,High income,50581.968491558604,82.40000000000002,49290.0,12.237848572949511,,,,,41.914,97.58195894,,,100.0,
FSM,"Micronesia, Fed. Sts.",East Asia & Pacific,Lower middle income,3187.5568483286593,69.316,105544.0,1.4454357544584917,,,12.56300745,3.200000000000003,22.608,35.30405287,40.1,26.7,75.435173034668,100.0
GAB,Gabon,Sub-Saharan Africa,Upper middle income,7413.79520698305,66.48,2025137.0,2.7682657208218955,19.488000869751,82.2837982177734,3.11291313,0.4953191160045094,88.976,50.32012015,38.0,35.1,91.3955001831055,291.0
GBR,United Kingdom,Europe & Central Asia,High income,39953.57305632799,81.15609756097562,66023290.0,6.497440490451171,3.9539999961853,,9.7623484,1.8229277738698357,83.143,94.62,33.2,3.7,100.0,9.0
GEO,Georgia,Europe & Central Asia,Lower middle income,4045.418967438734,73.436,3728004.0,2.4164604961964438,14.1059999465942,99.5861892700195,8.43609722,4.833230526900039,58.231,60.49125755,37.9,9.7,100.0,36.0
GHA,Ghana,Sub-Saharan Africa,Lower middle income,2046.1099862858157,63.033,28833629.0,0.5365333777801465,6.71000003814697,71.4970703125,4.44871433,8.143446548798522,55.407,37.88415262,43.5,35.7,79.3,319.0
GIB,Gibraltar,Europe & Central Asia,High income,,,34571.0,15.5134849286092,,,,,100.0,94.44447158,,,100.0,
GIN,Guinea,Sub-Saharan Africa,Low income,823.4937154773966,60.617,12717176.0,0.20749262060619328,3.60700011253357,32.0038604736328,5.47827339,10.60432284474959,35.793,11.40002077,33.7,56.4,33.5,679.0
GMB,"Gambia, The",Sub-Saharan Africa,Low income,709.0771579754361,61.424,2100568.0,0.267684889136388,8.90499973297119,41.9500503540039,4.43153755,4.557732010725644,60.599,19.83645444,35.9,41.4,47.7570877075195,706.0
GNB,Guinea-Bissau,Sub-Saharan Africa,Low income,723.6094118972612,57.805,1861283.0,0.1572411667083878,4.05700016021729,45.5811614990234,6.09011769,5.919176625860501,42.945,3.930509152,50.7,55.6,14.6557903289795,549.0
GNQ,Equatorial Guinea,Sub-Saharan Africa,Upper middle income,9697.630233608896,57.939,1267689.0,4.733816529487597,9.16199970245361,95.0,3.37653274,-4.916494790799263,71.646,26.23999996,,65.3,67.889289855957,342.0
GRC,Greece,Europe & Central Asia,High income,18885.475982645294,81.3878048780488,10753531.0,6.1803372677844655,19.2070007324219,97.3687362670898,8.45429347,1.5050993075189467,78.724,69.89,36.0,4.3,100.0,3.0
GRD,Grenada,Latin America & Caribbean,Upper middle income,10451.029875226488,73.78,107825.0,2.2754983076344493,,98.5999984741211,5.24666501,5.059216159576735,36.164,59.07173536,,15.3,92.344367980957,27.0
GRL,Greenland,Europe & Central Asia,High income,48159.66532031593,71.24634146341464,56171.0,8.989181987743137,,,,7.662998894922751,86.574,69.48246178,,,100.0,
GTM,Guatemala,Latin America & Caribbean,Upper middle income,4470.989571911892,73.654,16913503.0,1.1509779943039116,2.72699999809265,81.2858963012695,5.82031093,2.7603384836662173,50.68,40.70304908,48.3,23.1,91.7792282104492,88.0
GUM,Guam,East Asia & Pacific,High income,35675.79416546408,79.763,164229.0,,5.61199998855591,99.3691482543945,,0.1920491645861233,94.699,80.50546556,,,100.0,
GUY,Guyana,Latin America & Caribbean,Upper middle income,4655.144447570337,66.766,777859.0,2.632347951841319,12.1510000228882,85.6397323608398,4.24328719,2.9246683127795308,26.538,37.32583679,44.6,26.0,84.2429046630859,229.0
HKG,"Hong Kong SAR, China",East Asia & Pacific,High income,46193.61452042822,84.68048780487806,7391700.0,6.393600525624179,2.77800011634827,,,3.7913485596456837,100.0,89.41594465,,,100.0,
HND,Honduras,Latin America & Caribbean,Lower middle income,2480.125928585474,73.774,9265067.0,1.075221790452181,4.07600021362305,88.9874801635742,8.40196647,4.78529790989262,56.457,32.13636364,50.5,15.6,87.5766296386719,129.0
HRV,Croatia,Europe & Central Asia,High income,13386.512859433973,77.8268292682927,4124531.0,3.9738049055903075,8.85000038146973,99.125358581543,7.18008037,2.921363383060722,56.667,67.09619204,31.1,3.9,100.0,8.0
HTI,Haiti,Latin America & Caribbean,Low income,765.6839246296423,63.589,10981229.0,0.27053858579445894,13.5260000228882,48.6850204467773,5.38571841,1.1732795054563354,54.346,12.32610358,41.1,53.9,38.6901664733887,359.0
HUN,Hungary,Europe & Central Asia,High income,14278.87449780244,76.06341463414635,9787966.0,4.265574975766404,3.66300010681152,99.0999984741211,7.36479381,4.13706393670374,71.062,76.75054712,30.4,3.8,100.0,17.0
IDN,Indonesia,East Asia & Pacific,Lower middle income,3846.4157092230544,69.355,263991379.0,1.8193633190551324,4.30000019073486,95.3769683837891,3.12449094,5.067406365585697,54.659,32.2924419,38.1,21.4,97.62,126.0
IMN,Isle of Man,Europe & Central Asia,High income,78730.16228481861,77.96585365853659,84287.0,,,,,7.400000000000006,52.458,,,,100.0,
IND,India,South Asia,Lower middle income,1979.3643005305955,68.803,1339180127.0,1.73000043156161,2.55100011825562,69.3025588989258,3.65833057,7.167888860891367,33.6,34.45,35.7,32.0,84.5268173217773,174.0
IRL,Ireland,Europe & Central Asia,High income,68885.45037902209,81.9560975609756,4811321.0,7.313939807717905,5.69099998474121,,7.37830423,7.2217887437576,62.947,84.51538863,31.8,3.0,100.0,8.0
IRN,"Iran, Islamic Rep.",Middle East & North Africa,Upper middle income,5593.853783381479,76.153,81162788.0,8.283020787416147,11.9949998855591,85.5442504882813,8.10277065,3.7551873669495706,74.394,60.41635615,40.0,12.8,100.0,25.0
IRQ,Iraq,Middle East & North Africa,Upper middle income,5017.968064653469,70.038,38274618.0,4.8118396861345225,7.92799997329712,43.6832809448242,3.31216318,-2.0731720971619865,70.278,49.35999889,29.5,25.3,100.0,50.0
ISL,Iceland,Europe & Central Asia,High income,71311.78512078997,82.2048780487805,343400.0,6.0596574074639715,2.91799998283386,,8.29151473,4.024870762523207,93.773,98.26,27.8,1.6,100.0,3.0
ISR,Israel,Middle East & North Africa,High income,40543.58416657025,82.60243902439025,8713300.0,7.863181347907056,3.95000004768372,91.7514114379883,7.31441124,3.444612030021176,92.336,81.58118359,38.9,2.9,100.0,5.0
ITA,Italy,Europe & Central Asia,High income,32110.027261996715,83.24390243902438,60536709.0,5.270866786402965,10.2049999237061,98.8482818603516,8.93549301,1.571759814808459,70.144,61.30114276,35.4,2.9,100.0,4.0
JAM,Jamaica,Latin America & Caribbean,Upper middle income,5114.041080784834,76.097,2890299.0,2.593215370462184,9.44499969482422,88.0999984741211,6.0723917,0.9785562228491216,55.378,48.78096953,45.5,13.1,98.2042694091797,89.0
JOR,Jordan,Middle East & North Africa,Upper middle income,4129.751664436887,74.476,9702353.0,3.0025147270397916,15.0249996185303,97.8903198242188,5.46821058,1.9700234834415085,90.747,66.79031443,33.7,14.6,100.0,58.0
JPN,Japan,East Asia & Pacific,High income,38430.29124401595,84.09975609756098,126785797.0,9.53870610327163,2.4449999332428,,10.92612327,1.7345542312680209,91.535,90.87304215,32.1,1.9,100.0,5.0
KAZ,Kazakhstan,Europe & Central Asia,Upper middle income,9030.318806026517,72.95,18037776.0,14.36316974182228,4.88500022888184,99.7816314697266,3.52614962,4.100000000000421,57.336,76.42674823,27.5,8.9,100.0,12.0
KEN,Kenya,Sub-Saharan Africa,Lower middle income,1594.8349262874858,67.291,49699862.0,0.3104153136661651,9.3129997253418,78.733039855957,4.54957525,4.873936760720525,26.562,17.82710021,40.8,33.6,56.0,510.0
KGZ,Kyrgyz Republic,Europe & Central Asia,Lower middle income,1220.4734981190059,71.20000000000002,6198200.0,1.6463953388741326,7.17000007629395,99.2434310913086,6.62528772,4.583638398291285,36.135,38.19903776,27.3,17.9,99.9961013793945,76.0
KHM,Cambodia,East Asia & Pacific,Lower middle income,1384.4231873033593,69.331,16005373.0,0.4377599980092713,1.04799997806549,80.5264892578125,6.08196009,7.099865949682453,22.98,33.99999913,,25.1,49.7706565856934,161.0
KIR,Kiribati,East Asia & Pacific,Lower middle income,1594.2928704342166,66.506,116398.0,0.564368357203643,,,11.85986702,0.32843977711102923,53.262,14.58181818,37.0,42.7,84.9362716674805,90.0
KNA,St. Kitts and Nevis,Latin America & Caribbean,High income,17924.06546437665,71.33658536585367,55345.0,4.2989449003516995,,,5.67183165,1.1705628440971765,30.773,80.71019081,,11.6,100.0,
KOR,"Korea, Rep.",East Asia & Pacific,High income,29742.83886134708,82.62682926829268,51466201.0,11.570345409340149,3.79500007629395,,7.33752488,3.0627684624326292,81.503,95.09714917,31.6,2.8,100.0,11.0
KWT,Kuwait,Middle East & North Africa,High income,29040.363709111727,74.811,4136528.0,25.223864426496053,2.07599997520447,96.0564727783203,3.903945,-2.866431053980037,100.0,97.99998933,,6.9,100.0,4.0
LAO,Lao PDR,East Asia & Pacific,Lower middle income,2457.377413972815,67.021,6858160.0,0.29720088370577386,0.609000027179718,84.6610412597656,2.36087478,6.892747966310182,34.368,25.51043508,36.4,48.6,87.0957717895508,197.0
LBN,Lebanon,Middle East & North Africa,Upper middle income,8808.589447594055,79.758,6082357.0,4.295732552314457,6.16699981689453,91.1841888427734,8.01673185,1.5290970837402966,88.429,78.18077489,31.8,6.7,100.0,15.0
LBR,Liberia,Sub-Saharan Africa,Low income,694.3195828488563,63.006,4731906.0,0.21296766351525953,2.03299999237061,42.9410781860352,9.61511081,2.468626095051235,50.697,7.984479722,35.3,55.9,19.8,725.0
LBY,Libya,Middle East & North Africa,Upper middle income,5978.042925657281,72.11,6374616.0,9.186845393407078,17.2870006561279,86.0999984741211,6.05012753,26.675870116353593,79.817,21.75892062,,10.6,98.5367279052735,9.0
LCA,St. Lucia,Latin America & Caribbean,Upper middle income,9715.194785938003,75.696,178844.0,2.307191320761134,20.8680000305176,,5.30656361,3.817651877884984,18.612,50.81524478,51.2,14.9,97.7609176635742,48.0
LIE,Liechtenstein,Europe & Central Asia,High income,164993.1941620855,82.25853658536586,37922.0,1.1852290785681578,,,,-1.1574818224091388,14.315,98.1,,,100.0,
LKA,Sri Lanka,South Asia,Lower middle income,4073.736519451772,75.485,21444000.0,0.8852474732890556,4.39900016784668,91.895751953125,3.89324108,3.30879963339585,18.384,34.1133479,39.8,7.5,95.5882339477539,30.0
LSO,Lesotho,Sub-Saharan Africa,Lower middle income,1154.444246173044,54.568,2233339.0,1.1501110316271201,23.5960006713867,76.6352005004883,8.0765782,-2.2862990368690816,27.73,29.78780333,54.2,66.5,29.7333087921143,487.0
LTU,Lithuania,Europe & Central Asia,High income,16809.648256967397,74.67073170731707,2828403.0,4.378090123098507,6.00699996948242,99.8155975341797,6.67158258,4.139948472839777,67.516,77.61525651,37.4,3.4,100.0,10.0
LUX,Luxembourg,Europe & Central Asia,High income,104498.7386710312,82.68536585365854,596336.0,17.362121372809487,5.46999979019165,,6.16378558,1.5456606096945507,90.727,97.82762613,33.8,2.1,100.0,10.0
LVA,Latvia,Europe & Central Asia,High income,15684.558518648953,74.68048780487807,1942248.0,3.4981928816691097,7.85699987411499,99.8958969116211,6.24292955,4.636479621426886,68.075,81.3158617,34.2,3.6,100.0,18.0
MAC,"Macao SAR, China",East Asia & Pacific,High income,80892.82132916873,83.991,622567.0,2.179842759871667,2.02300000190735,96.5384902954102,,9.096103681006994,100.0,83.17408907,,,100.0,
MAF,St. Martin (French part),Latin America & Caribbean,High income,,79.7219512195122,32125.0,,,,,,,,,,71.9702835083008,
MAR,Morocco,Middle East & North Africa,Lower middle income,3022.92792018978,76.059,35739580.0,1.7443799743820183,9.03999996185303,69.4253921508789,5.83767147,4.087506817218383,61.908,61.76221201,39.5,20.0,100.0,121.0
MCO,Monaco,Europe & Central Asia,High income,168010.91489102005,,38695.0,,,,1.74986203,3.213848834192092,100.0,97.05297684,,2.7,100.0,
MDA,Moldova,Europe & Central Asia,Lower middle income,2290.2351496162537,71.718,3549196.0,1.3868291419658716,3.41100001335144,99.138313293457,8.98095464,4.499999899796947,42.557,76.12451989,25.9,13.3,100.0,23.0
MDG,Madagascar,Sub-Saharan Africa,Low income,449.7223818944523,66.312,25570895.0,0.13042132063767728,1.65900003910065,71.5726165771484,6.00363747,4.170794765865125,36.522,9.8,42.6,32.7,22.9,353.0
MDV,Maldives,South Asia,Upper middle income,11151.069206829008,77.649,436330.0,3.269559849796814,6.07499980926514,98.6101226806641,10.61083995,6.91169442938974,39.38,63.18566588,38.4,6.8,100.0,68.0
MEX,Mexico,Latin America & Caribbean,Upper middle income,8910.33317708802,77.305,129163276.0,3.8662411126567364,3.32200002670288,94.859619140625,5.46900124,2.0414696371440613,79.867,63.85224909,43.4,11.5,100.0,38.0
MHL,Marshall Islands,East Asia & Pacific,Upper middle income,3843.119883501063,65.23902439024391,53127.0,1.9410185640288857,,98.2650833129883,23.28730052,3.6000000000000085,76.634,38.70116262,,28.0,93.1380462646484,
MKD,North Macedonia,Europe & Central Asia,Upper middle income,5414.614822630946,75.851,2083160.0,3.614938182763376,21.5520000457764,97.8000030517578,6.34410858,0.24052101400167203,57.748,76.31197942,35.6,12.0,100.0,8.0
MLI,Mali,Sub-Saharan Africa,Low income,827.0064008074653,58.456,18541980.0,0.08322866339763978,9.56900024414063,33.0688896179199,3.81961944,5.40000010323682,41.572,12.72064096,33.0,65.8,35.0694999694824,587.0
MLT,Malta,Middle East & North Africa,High income,26748.20740875355,82.45365853658538,467999.0,5.4006139571702745,4.58300018310547,93.3073577880859,9.29531092,6.422489314450857,94.546,80.07137784,29.4,5.6,100.0,9.0
MMR,Myanmar,East Asia & Pacific,Lower middle income,1256.6606748179,66.744,53370609.0,0.4166003616580806,1.56400001049042,75.5512008666992,5.08779798,6.758628824262729,30.322,30.67818311,38.1,38.5,57.0093841552734,178.0
MNE,Montenegro,Europe & Central Asia,Upper middle income,7784.0652899655715,77.271,622373.0,3.556071790418295,15.4619998931885,98.4422073364258,7.64204428,4.70000000000033,66.477,71.27233254,31.9,3.2,100.0,7.0
MNG,Mongolia,East Asia & Pacific,Lower middle income,3717.4733888289593,69.465,3075647.0,7.127326348132765,6.32000017166138,98.2570037841797,3.8090161,5.301668470471782,68.363,23.71426517,32.3,14.8,81.775032043457,44.0
MNP,Northern Mariana Islands,East Asia & Pacific,High income,28888.002321195414,,55144.0,,,,,25.142314990512332,91.53,0.0,,,100.0,
MOZ,Mozambique,Sub-Saharan Africa,Low income,426.2219618663274,58.872,29668834.0,0.3096666069144553,3.17199993133545,56.0390014648438,5.0661965,3.736958240738005,35.455,20.7740003,54.0,53.3,24.1983394622803,489.0
MRT,Mauritania,Sub-Saharan Africa,Lower middle income,1136.7645907933859,63.384,4420184.0,0.6668224276068427,10.3050003051758,45.5037803649902,4.2410152,3.5000000060327494,52.824,20.80096366,32.6,53.3,41.6521072387695,602.0
MUS,Mauritius,Sub-Saharan Africa,Upper middle income,10490.503970187932,74.51463414634146,1264613.0,3.3531104720786344,6.86700010299683,93.1578369140625,5.745666,3.8184693650516834,40.841,55.55669841,35.8,11.6,98.7817840576172,53.0
MWI,Malawi,Sub-Saharan Africa,Low income,338.4844303409031,63.671,18622104.0,0.07476291004695222,5.42999982833862,62.1435394287109,9.83034233,4.0000305165304155,16.714,13.78216439,44.7,38.5,11.0,634.0
MYS,Malaysia,East Asia & Pacific,Upper middle income,9951.544153272413,75.452,31624264.0,8.032991578640438,3.35999989509583,93.7347030639648,3.80219497,5.897009292699764,75.447,80.14047901,41.0,6.7,100.0,40.0
NAM,Namibia,Sub-Saharan Africa,Upper middle income,5230.7717259996425,64.85,2533794.0,1.5837286671570379,23.0949993133545,88.2746276855469,9.12250271,-0.9478410046131529,49.005,36.83740647,59.1,31.8,51.7824249267578,265.0
NCL,New Caledonia,East Asia & Pacific,High income,12579.595105586448,77.14878048780488,280460.0,16.00593172915501,13.6190004348755,97.8000030517578,,2.100108842330002,70.256,82.0058408,,,100.0,
NER,Niger,Sub-Saharan Africa,Low income,378.05925230381774,60.422,21477348.0,0.11107351550554127,0.273000001907349,30.5603904724121,6.22894111,4.8934366913424725,16.35,10.22431156,34.3,48.3,16.2172336578369,553.0
NGA,Nigeria,Sub-Saharan Africa,Lower middle income,1968.4255227744216,53.875,190886311.0,0.5456221132137548,6.02600002288818,51.0776596069336,3.64671499,0.8058866195575547,49.519,27.68098584,43.0,64.6,59.3,814.0
NIC,Nicaragua,Latin America & Caribbean,Lower middle income,2221.8064445872733,75.653,6217581.0,0.8085208555973672,4.47900009155273,78.0029830932617,8.74635494,4.861094976217203,58.299,27.86304001,46.2,14.8,81.7967987060547,150.0
NLD,Netherlands,Europe & Central Asia,High income,48482.766210438946,81.5609756097561,17131296.0,9.92013807523839,3.88000011444092,,10.35932019,2.868832199196646,91.077,93.19727891,28.2,3.3,100.0,7.0
NOR,Norway,Europe & Central Asia,High income,75704.24869812472,82.50975609756098,5276968.0,9.270945131541655,3.91899991035461,,10.50063009,1.9804377493860272,81.871,96.50851854,27.5,2.1,100.0,5.0
NPL,Nepal,South Asia,Low income,849.0110426042703,70.604,29304998.0,0.283538525834667,1.26400005817413,59.6272506713867,6.29441655,7.9057416103080556,19.336,21.40351043,32.8,27.8,90.7,258.0
NRU,Nauru,East Asia & Pacific,Upper middle income,8844.742805539765,,12876.0,4.0218510081835825,,,11.10191475,4.154685104159213,100.0,57.0,,27.3,99.2028045654297,
NZL,New Zealand,East Asia & Pacific,High income,42583.08473445843,81.65853658536587,4793900.0,7.686575825442934,4.52199983596802,,9.22193561,2.819447579566088,86.466,90.81109307,,4.4,100.0,11.0
OMN,Oman,Middle East & North Africa,High income,15267.445015520858,77.258,4636262.0,15.443167189482255,3.11299991607666,96.1115493774414,4.29254957,-0.9280516513199046,83.56,80.18563573,,9.7,100.0,17.0
PAK,Pakistan,South Asia,Lower middle income,1547.8534136692917,66.629,197015955.0,0.896264105182138,3.03800010681152,56.9771499633789,2.75283024,5.700621241012101,36.442,15.51,33.5,61.2,99.1474380493164,178.0
PAN,Panama,Latin America & Caribbean,High income,15196.397339969166,78.195,4098587.0,2.254311362796895,3.92199993133545,94.0941162109375,7.26068297,5.3212013745891085,67.365,57.86509007,49.9,13.9,93.4178009033203,94.0
PER,Peru,Latin America & Caribbean,Upper middle income,6571.928644699639,75.22,32165485.0,1.9934859492452772,2.84400010108948,94.1496124267578,5.14391365,2.528228226431949,77.72,48.72763146,43.3,11.6,94.8517456054688,68.0
PHL,Philippines,East Asia & Pacific,Lower middle income,2988.9527033580216,69.238,104918090.0,1.0554568459296054,2.51500010490417,96.3980026245117,4.38594904,6.684517502766042,46.682,60.05476033,40.1,22.2,90.9816131591797,114.0
PLW,Palau,East Asia & Pacific,High income,13338.096552993695,69.12926829268292,21729.0,12.342704086470087,,96.5937423706055,11.68764783,-3.5705668253200713,79.365,26.97033263,,13.2,99.2893524169922,
PNG,Papua New Guinea,East Asia & Pacific,Lower middle income,2488.8996969280033,65.705,8251162.0,0.8146488073096404,2.36700010299683,61.5999984741211,1.97579249,2.545733131398279,13.102,11.20919659,41.9,41.8,22.9321537017822,215.0
POL,Poland,Europe & Central Asia,High income,13863.548420276311,77.85121951219514,37974826.0,7.517151584898716,3.67300009727478,98.7427368164063,6.51647873,4.805745842037922,60.105,75.98536595,30.8,4.0,100.0,3.0
PRI,Puerto Rico,Latin America & Caribbean,High income,30518.40674945949,79.97363414634147,3325001.0,,11.4440002441406,92.3899993896484,,-2.3793631473556047,93.587,72.75272269,,,100.0,14.0
PRK,"Korea, Dem. People’s Rep.",East Asia & Pacific,Low income,,71.887,25490965.0,1.6135968412305557,3.30299997329712,99.9981918334961,,,61.678,0.0,,14.4,39.2442245483398,82.0
PRT,Portugal,Europe & Central Asia,High income,21291.43120951906,81.12439024390245,10300300.0,4.33155402784831,6.8600001335144,94.47705078125,9.07636096,2.795047096170663,64.652,73.79121395,35.5,3.1,100.0,10.0
PRY,Paraguay,Latin America & Caribbean,Upper middle income,5823.76613678902,73.211,6811297.0,0.8702192905882626,4.71199989318848,94.6502380371094,8.02487617,5.210533081310501,61.3,61.07575622,48.8,17.9,98.4,132.0
PSE,West Bank and Gaza,Middle East & North Africa,Lower middle income,3094.7257468178314,73.646,4684777.0,0.5848546566427772,30.181999206543,96.9302291870117,,3.1402367800326942,75.894,65.2,33.7,17.9,100.0,45.0
PYF,French Polynesia,East Asia & Pacific,High income,14530.777204315547,76.996,283007.0,2.9151348172670644,12.0159997940063,,,4.000000343436099,61.784,72.70389531,,,100.0,
QAT,Qatar,Middle East & North Africa,High income,63249.422432905674,78.331,2639211.0,45.423239958912056,0.142000004649162,93.1453018188477,3.07944355,1.5798502533034764,99.078,95.94,,6.5,100.0,13.0
ROU,Romania,Europe & Central Asia,Upper middle income,10819.24402437838,75.30975609756098,19583986.0,3.5161536912565934,4.29500007629395,98.6042861938477,4.98040299,7.259986175898675,53.936,63.74728218,35.9,6.6,100.0,31.0
RUS,Russian Federation,Europe & Central Asia,Upper middle income,10749.0560658145,72.11902439024391,144496740.0,11.857527773705161,4.74399995803833,99.6842727661133,5.27112755,1.6468836726950116,74.292,76.00813853,37.7,6.5,100.0,25.0
RWA,Rwanda,Sub-Saharan Africa,Low income,748.2920943035506,67.496,12208407.0,0.07401644567024201,0.971000015735626,70.8041305541992,6.76069372,6.057831319188182,17.125,21.76763262,43.7,28.9,29.37,290.0
SAU,Saudi Arabia,Middle East & North Africa,High income,20849.291368660466,74.72,32938213.0,19.529271798341618,5.91900014877319,94.4263381958008,5.74181331,-0.8566102394427872,83.622,82.12,,6.3,100.0,12.0
SDN,Sudan,Sub-Saharan Africa,Lower middle income,2898.5493455104,64.698,40533330.0,0.299732598319775,12.8760004043579,53.5173797607422,5.6648529,4.283071004018126,34.37,30.87029573,35.4,43.7,38.5284423828125,311.0
SEN,Senegal,Sub-Saharan Africa,Low income,1329.3042283462833,67.477,15850567.0,0.6088091174335188,6.46400022506714,51.9004211425781,5.51241197,7.153786941674483,46.74,29.64312367,40.3,32.7,64.5,315.0
SGP,Singapore,East Asia & Pacific,High income,57714.29663137777,82.89512195121952,5612253.0,10.306331909983026,3.76799988746643,97.0495910644531,4.46958366,3.618542335918164,100.0,84.44953878,,2.2,100.0,10.0
SLB,Solomon Islands,East Asia & Pacific,Lower middle income,2132.115068354309,71.006,611343.0,0.35044934526953764,1.78999996185303,76.5999984741211,5.17074913,3.238416959929239,23.286,11.92422906,37.1,17.6,47.9191436767578,114.0
SLE,Sierra Leone,Sub-Saharan Africa,Low income,499.5291033149742,52.214,7557212.0,0.1849257016579081,4.31300020217896,32.4261703491211,16.53171514,4.21118264884808,41.636,13.23693043,34.0,81.7,20.3,1360.0
SLV,El Salvador,Latin America & Caribbean,Lower middle income,3889.308768954067,73.75,6377853.0,1.000644623175644,4.3899998664856,88.4827117919922,6.95775683,2.3225972545804154,71.275,31.25135241,38.0,12.5,98.618896484375,54.0
SMR,San Marino,Europe & Central Asia,High income,48888.025166705134,85.41707317073171,33400.0,,,,6.39562063,1.5000000000000142,97.072,60.18230126,,2.0,100.0,
SOM,Somalia,Sub-Saharan Africa,Low income,478.34417487427356,56.714,14742523.0,0.04504672309328893,13.956000328064,,,-1.4840756842422138,44.391,2.004048698,,79.7,29.8903179168701,732.0
SRB,Serbia,Europe & Central Asia,Upper middle income,5901.223013079929,76.0878048780488,7020858.0,5.282521916883011,13.5100002288818,98.8415069580078,9.13502874,1.867428896186965,55.942,70.33083553,28.5,5.0,100.0,17.0
SSD,South Sudan,Sub-Saharan Africa,Low income,237.4441184810003,57.288,12575714.0,0.12974935068347668,12.6960000991821,26.8312797546387,,-13.833722741433021,19.346,7.977428907,46.3,62.5,8.94762802124023,789.0
STP,Sao Tome and Principe,Sub-Saharan Africa,Lower middle income,1921.2844729345582,66.762,204327.0,0.5943398199366328,13.3190002441406,90.1430969238281,5.99199802,3.8749602212071466,71.968,29.9312292,30.8,25.2,65.4404830932617,156.0
SUR,Suriname,Latin America & Caribbean,Upper middle income,5317.389538753229,71.523,563402.0,3.634019433210203,7.63100004196167,92.8686599731445,6.06415279,1.6870836019772213,66.041,48.94517397,57.6,17.5,87.1763153076172,155.0
SVK,Slovak Republic,Europe & Central Asia,High income,17579.25939914208,77.16585365853659,5439232.0,5.661581327744241,6.75600004196167,,7.12513052,3.188341054534604,53.751,81.62566752,26.5,4.6,100.0,6.0
SVN,Slovenia,Europe & Central Asia,High income,23601.402775876944,81.17560975609757,2066388.0,6.213686844683266,5.51000022888184,99.6999969482422,8.46829514,5.000808222294012,54.273,78.88542636,25.4,1.7,100.0,9.0
SWE,Sweden,Europe & Central Asia,High income,53253.47664111924,82.30731707317074,10057698.0,4.478182178213737,6.44399976730347,,10.93479344,2.1047161402325827,87.146,96.40964528,29.2,2.3,100.0,4.0
SWZ,Eswatini,Sub-Saharan Africa,Lower middle income,3242.7510647233444,58.268,1367254.0,0.92871499200446,22.4769992828369,83.0982894897461,7.69694547,1.8730543418878653,23.625,30.3,51.5,40.8,65.7902069091797,389.0
SXM,Sint Maarten (Dutch part),Latin America & Caribbean,High income,,73.05365853658537,41109.0,19.46132413427093,,,,0.4325062599590268,100.0,,,,100.0,
SYC,Seychelles,Sub-Saharan Africa,High income,15629.30593754885,74.30000000000001,95843.0,5.418677962762289,,93.954231262207,3.93610353,5.284822981484936,56.261,58.76981124,46.8,12.2,100.0,
SYR,Syrian Arab Republic,Middle East & North Africa,Low income,2058.0352093943497,70.963,18269868.0,1.5988984585293304,8.11999988555908,80.8445205688477,3.56555954,5.69999999644881,53.5,34.25340193,35.8,14.0,100.0,68.0
TCA,Turks and Caicos Islands,Latin America & Caribbean,High income,,,35446.0,6.086487447760752,,,,,92.817,0.0,,,95.700439453125,
TCD,Chad,Sub-Saharan Africa,Low income,662.5001145569504,53.208,14899994.0,0.05377768777159378,2.22900009155273,22.3115501403809,4.5381013,-2.9537715489237257,22.858,6.49999812,43.3,73.4,8.83089828491211,856.0
TGO,Togo,Sub-Saharan Africa,Low income,610.1517301304742,60.477,7797694.0,0.3626968915805484,1.66799998283386,63.7456207275391,6.61568574,4.400010462514459,41.162,12.36022497,43.1,49.2,46.9283752441406,368.0
THA,Thailand,East Asia & Pacific,Upper middle income,6595.00412458017,75.498,69037513.0,4.621860031630841,0.665000021457672,92.8683090209961,3.71143463,3.9128802431650485,49.2,52.89192934,36.5,8.2,100.0,20.0
TJK,Tajikistan,Europe & Central Asia,Low income,801.0508712675104,71.214,8921343.0,0.6204667247416967,10.9219999313354,99.8000030517578,6.99849461,7.617493124167368,26.982,21.96,34.0,29.4,100.0,32.0
TKM,Turkmenistan,Europe & Central Asia,Upper middle income,6586.625862686004,67.956,5758075.0,12.517295340618901,3.78299999237061,99.6999969482422,6.61802128,6.500000046829754,51.153,21.25099741,40.8,40.6,100.0,42.0
TLS,Timor-Leste,East Asia & Pacific,Lower middle income,2279.2532035787785,69.199,1296311.0,0.3870140021470728,2.99900007247925,58.3089790344238,4.02059179,-8.0022582577448,30.212,27.49273173,28.7,40.8,63.3941383361816,215.0
TON,Tonga,East Asia & Pacific,Upper middle income,3959.079756538335,73.179,108020.0,1.1439658921177513,1.02699995040894,99.3855285644531,5.26385403,2.6999999999999886,23.169,41.24872764,37.6,13.7,97.02,124.0
TTO,Trinidad and Tobago,Latin America & Caribbean,High income,16126.37094981732,70.783,1369125.0,34.1632426302683,2.82999992370605,98.6999969482422,6.5104014,-2.3360141240514167,53.205,77.32605293,40.3,23.1,100.0,63.0
TUN,Tunisia,Middle East & North Africa,Lower middle income,3464.416890386558,75.943,11532127.0,2.587059584483289,15.4779996871948,79.0364303588867,6.95195517,1.9551256753750863,68.642,55.5,32.8,11.2,100.0,62.0
TUR,Turkey,Europe & Central Asia,Upper middle income,10546.152563160262,76.009,80745020.0,4.491479025719484,10.8950004577637,96.1673278808594,4.3143198,7.441233470674618,74.644,64.68461768,41.9,10.0,100.0,16.0
TUV,Tuvalu,East Asia & Pacific,Upper middle income,3549.9747412838383,,11192.0,1.0085258525852583,,,15.45402053,3.241589118482352,61.53,49.31833862,39.1,21.0,99.426155090332,
TZA,Tanzania,Sub-Saharan Africa,Low income,958.445683201353,66.31,57310019.0,0.22134737238452726,1.932000041008,77.8872299194336,4.13992059,6.785680114026448,33.053,15.99999943,37.8,38.3,32.8,398.0
UGA,Uganda,Sub-Saharan Africa,Low income,606.4684534876437,60.182,42862958.0,0.13465600098554492,1.74199998378754,70.1982192993164,6.16503174,3.863023756865715,23.196,23.70653091,42.8,35.4,26.7,343.0
UKR,Ukraine,Europe & Central Asia,Lower middle income,2639.82432586795,71.78097560975611,44831135.0,5.020747064401714,9.38099956512451,99.9743499755859,6.72703787,2.5245128636078817,69.246,57.11513856,25.0,7.5,100.0,24.0
URY,Uruguay,Latin America & Caribbean,High income,16245.598367743065,77.645,3456750.0,1.9731508217757563,7.96099996566772,98.61572265625,9.06075776,2.6566844558569613,95.24,68.27966256,39.5,7.0,100.0,15.0
USA,United States,North America,High income,59927.930286056566,78.53902439024391,325147121.0,16.502837239406013,3.93300008773804,,17.07341533,2.217010330034057,82.058,75.23264272,41.5,5.7,100.0,14.0
UZB,Uzbekistan,Europe & Central Asia,Lower middle income,1533.8520376648803,71.42,32387200.0,3.420722745849007,5.22300004959106,99.986572265625,6.33520937,5.29999999887707,50.55,52.30510079,35.3,20.0,100.0,36.0
VCT,St. Vincent and the Grenadines,Latin America & Caribbean,Upper middle income,7145.07683689785,73.294,109897.0,1.9113454099874723,19.7609996795654,95.6321563720703,3.56292208,0.8599462220724661,51.784,65.56,,14.9,100.0,45.0
VEN,"Venezuela, RB",Latin America & Caribbean,Upper middle income,15692.412877729044,74.726,31977065.0,6.025697582351288,8.36499977111816,97.1270904541016,3.21708435,-3.894386474506618,88.183,64.31336383,46.9,25.7,99.6038360595703,95.0
VGB,British Virgin Islands,Latin America & Caribbean,High income,,,31196.0,6.07283358118156,,,,,47.337,37.6,,,,
VIR,Virgin Islands (U.S.),Latin America & Caribbean,High income,34899.26654906693,79.41951219512195,107268.0,,8.40999984741211,,,0.9369951534733474,95.603,64.3774943,,,100.0,
VNM,Vietnam,East Asia & Pacific,Lower middle income,2342.244002721168,76.454,95540800.0,1.803565749668688,1.89100003242493,93.5204467773438,5.65919354,6.8122456596397996,35.213,49.56909734,35.3,16.7,100.0,54.0
VUT,Vanuatu,East Asia & Pacific,Lower middle income,3123.614590823869,72.334,276244.0,0.594993239327796,5.40899991989136,84.6999969482422,3.69175091,4.50068030474749,25.163,25.71978784,37.6,22.6,57.82,78.0
WSM,Samoa,East Asia & Pacific,Upper middle income,4280.8389154713595,75.24,196440.0,1.0297883405273285,8.32499980926514,98.973258972168,5.53209386,2.704798948474334,18.452,33.61093932,38.7,14.2,100.0,51.0
XKX,Kosovo,Europe & Central Asia,Lower middle income,3957.441819129737,71.94634146341464,1830700.0,,,,,4.2279085367056695,,,29.0,,100.0,
YEM,"Yemen, Rep.",Middle East & North Africa,Low income,1106.8039064994432,65.157,28250420.0,0.8648345347522342,12.9340000152588,54.0999984741211,5.60372913,-5.942319504397133,36.016,26.71835477,36.7,43.2,71.6423492431641,385.0
ZAF,South Africa,Sub-Saharan Africa,Upper middle income,6151.077955312853,63.404,56717156.0,8.980119297234662,26.9580001831055,94.367919921875,8.1098146,1.3167448604874323,65.85,56.16739447,63.0,28.8,84.2,138.0
ZMB,Zambia,Sub-Saharan Africa,Lower middle income,1513.276316106872,62.255,17094130.0,0.28827114109529917,7.20900011062622,83.0076675415039,4.47720737,3.4031688511950478,42.976,27.8525791,57.1,41.5,27.2193374633789,224.0
ZWE,Zimbabwe,Sub-Saharan Africa,Low income,1333.3956627939278,61.712,16529904.0,0.7799558451628391,4.91499996185303,88.6934204101563,9.41366844,4.7040353905471335,32.237,27.05548769,43.2,36.5,38.1451377868652,443.0
